Strategy,Final Value
Max Sharpe,3.875709766731432
High Growth,3.645445848418377
DCA,9126.792400458244
