Strategy,Final Value
Max Sharpe,19.098632812500163
High Growth,17.392470524741377
DCA,748444.8701458736
